{
  "builders": [{
    "type": "azure-arm",

    "client_id": "$CLIENT_ID",
    "client_secret": "$CLIENT_SECRET",
    "tenant_id": "$TENANT_ID",
    "subscription_id": "$SUBSCRIPTION_ID",

    "managed_image_resource_group_name": "$RESOURCE_GROUP_NAME",
    "managed_image_name": "az3000301-image",

    "os_type": "Linux",
    "image_publisher": "Canonical",
    "image_offer": "UbuntuServer",
    "image_sku": "16.04-LTS",

    "azure_tags": {
        "dept": "Engineering",
        "task": "Image deployment"
    },

    "location": "$LOCATION",
    "vm_size": "Standard_DS1_v2"
  }],
  "provisioners": [{
    "execute_command": "chmod +x {{ .Path }}; {{ .Vars }} sudo -E sh '{{ .Path }}'",
    "inline": [
      "apt-get update",
      "apt-get upgrade -y",
      "apt-get -y install nginx",

      "/usr/sbin/waagent -force -deprovision+user && export HISTSIZE=0 && sync"
    ],
    "inline_shebang": "/bin/sh -x",
    "type": "shell"
  }]
}
